Xorijiy so‘z,Tarjima,Misol
колле́га,hamkasb,Моя коллега работает удалённо.
руководи́тель,rahbar,Руководитель попросил прислать отчёт.
встре́ча,uchrashuv,У нас встреча в три часа.
зада́ча,vazifa,Эту задачу нужно закончить сегодня.
отчёт,hisobot,Я отправил отчёт по почте.
сро́к,muddat,Срок сдачи — в пятницу.
план,reja,Обсудим план на неделю.
прое́кт,loyiha,Проект почти готов.
докуме́нт,hujjat,Подпишите этот документ.
клие́нт,mijoz,Клиент ждёт нашего ответа.
зарпла́та,maosh,Зарплата приходит в конце месяца.
переры́в,tanaffus,Давайте сделаем перерыв.
рабо́чее вре́мя,ish vaqti,Рабочий день начинается в девять.
рабо́тать удале́нно,masofadan ishlamoq,По средам я работаю удалённо.
отправля́ть / отпра́вить что?,yubormoq,Отправьте файл до обеда.
проверя́ть / прове́рить что?,tekshirmoq,Проверьте цифры в таблице.
обсужда́ть / обсуди́ть что?,muhokama qilmoq,Обсудим вопрос на встрече.
успева́ть / успе́ть,ulgurmoq,Я не успеваю до вечера.
звони́ть кому?,qo‘ng‘iroq qilmoq,Я позвоню вам после встречи.
вака́нсия,bo‘sh ish o‘rni,Эта вакансия ещё открыта?
